airport_ref,airport_ident,length_ft,width_ft,surface,lighted,closed,le_ident,he_ident
43966,IN-0011,,,,0,0,08,26
44908,IN-0013,3000,75,ASP,0,0,10,28
46481,IN-0023,4600,90,ASP,0,0,04,22
46518,IN-0024,5500,100,Paved,0,0,11,29
46512,IN-0025,7381,148,Concrete,1,0,11,29
46515,IN-0026,3900,45,ASPHALT,0,0,18,36
46556,IN-0033,3937,99,asphalt,0,0,14,32
46581,IN-0053,3300,75,,0,0,18,36
46640,IN-0064,4920,82,,0,0,14,32
299082,IN-0065,6070,148,Asphalt,0,0,08,26
300449,IN-0067,,,,0,0,09,27
300715,IN-0069,,,,0,0,11,29
301046,IN-0072,6626,100,Bitumen,1,0,10,28
301049,IN-0073,4133,100,Bitumen,0,0,11,29
301051,IN-0074,3255,50,Bitumen,0,0,18,36
301145,IN-0077,3500,,,0,0,10,28
308281,IN-0085,4577,164,asphalt,0,0,02,20
331218,IN-0107,8202,148,ASPH,0,0,09,27
340181,IN-0177,3200,100,Asphalt,1,0,05,23
342093,IN-0276,12139,148,ASP,1,0,08,26
342093,IN-0276,12139,197,ASP,1,0,08R,26L
354546,IN-0308,7546,148,Concrete,0,0,08,26
3305,IN-0363,4115,100,ASP,1,0,09,27
3306,IN-0364,3736,49,ASP,0,0,08,26
508630,IN-0369,7546,,ASP,0,0,08,26
26454,IN-0382,4520,150,CON,0,0,09,27
597786,IN-0392,12975,148,ASPH,1,0,10,28
598586,IN-0393,6299,,asphalt,0,0,16,34
3302,IN-VA38,5780,50,ASP,0,0,13,31
3304,IN-VA51,4135,55,ASP,0,0,10,28
3283,VA1B,3128,100,ASP,0,0,08,26
3284,VA1C,4887,80,ASP,0,0,14,32
3285,VA1D,4665,85,ASP,0,0,08,26
3286,VA1E,3900,95,ASP,0,0,04,22
3287,VA1F,3540,50,ASP,0,0,06,24
3288,VA1G,4593,95,BIT,0,0,07,25
3289,VA1H,3895,98,ASP,0,0,18,36
3290,VA1J,3260,75,ASP,0,0,17,35
3291,VA1K,9000,150,ASP,0,0,06,24
3292,VA1L,2279,175,ASP,0,0,08,26
3293,VA1M,4200,100,ASP,0,0,10,28
3294,VA1N,3610,95,BIT,0,0,14,32
3295,VA1O,3670,50,ASP,0,0,14,32
3296,VA1P,5980,148,ASP,0,0,05,23
3296,VA1P,3555,100,ASP,0,0,13,31
3297,VA2A,3565,55,ASP,0,0,11,29
3298,VA2B,5124,75,ASP,0,0,11,29
3299,VA2C,7500,150,ASP,1,0,05,23
3300,VA2D,3753,75,ASP,0,0,08,26
26431,VAAH,11499,150,ASP,1,0,05,23
26432,VAAK,4600,145,PEM,0,0,10,28
26433,VAAU,9314,148,Macadam,1,0,09,27
26434,VABB,11511,197,ASP,1,0,09,27
26434,VABB,9419,148,ASP,1,0,14,32
26436,VABJ,8205,150,ASP,1,0,05,23
26437,VABM,7546,148,MAC,1,0,08,26
26438,VABO,8100,150,ASP,1,0,04,22
26439,VABP,3420,148,BIT,1,1,06,24
26439,VABP,9022,148,ASP,1,0,12,30
26440,VABV,6300,150,ASP,1,0,07,25
26441,VADN,5909,150,ASP,1,0,03,21
26441,VADN,3282,80,ASP,0,0,09,27
26442,VADS,3300,65,ASP,0,0,06,24
26443,VAGN,3000,45,ASP,0,0,14,32
26445,VAHB,5479,100,ASP,0,0,08,26
512065,VAHS,9974,148,ASP,1,0,05,23
26446,VAID,9035,148,Composite,1,0,07,25
26447,VAJB,6522,150,ASP,1,0,06,24
30171,VAJJ,3750,,UNK,0,0,08,26
3303,VAJL,5577,148,ASPH,1,0,09,27
26448,VAJM,8242,148,CON,1,0,06,24
26448,VAJM,8236,148,ASP,0,0,12,30
26449,VAKE,4997,94,CON,0,0,05,23
26450,VAKJ,7460,148,ASP,1,0,01,19
26451,VAKP,6332,147,ASP,1,0,07,25
26452,VAKS,4500,150,ASP,1,0,05,23
3341,VALT,7546,100,ASP,0,0,05,23
30180,VAND,7546,148,ASP,1,0,09,27
26453,VANP,6358,150,ASP,0,1,09,27
26453,VANP,10500,150,ASP,1,0,14,32
3301,VAOZ,9843,148,CON/ASP,1,0,09,27
26455,VAPO,10000,150,ASP,1,0,10,28
26455,VAPO,5893,150,ASP,0,0,14,32
26456,VAPR,4500,150,ASP,0,0,09,27
26457,VARG,6890,148,ASP,0,0,05,23
26458,VARK,6040,148,ASP,1,0,05,23
26459,VARP,6414,150,ASP,1,0,06,24
327452,VASD,8202,148,Hard,0,0,09,27
26460,VASL,6591,145,BIT,0,0,15,33
26461,VASU,9530,148,ASP,1,0,04,22
26462,VAUD,7484,150,ASP,1,0,08,26
3307,VE23,4010,75,ASP,0,0,09,27
3308,VE24,6595,148,ASP,1,0,03,21
3310,VE36,4200,55,ASP,0,0,06,24
3311,VE41,3015,75,ASP,0,0,11,29
3315,VE54,3000,100,ASP,0,0,09,27
3316,VE62,9000,150,ASP,1,0,04,22
3317,VE67,4395,80,ASP,0,0,10,28
3318,VE85,3491,70,ASP,0,0,13,31
3320,VE91,3980,70,ASP,0,0,12,30
3321,VE96,3785,98,ASP,0,0,10,28
26488,VEAN,3675,100,ASP,0,0,05,23
26489,VEAT,,,UNK,0,1,05,23
26489,VEAT,7500,148,ASP,1,0,18,36
26490,VEAZ,3755,70,ASP,0,0,01,19
29689,VEBA,2830,100,asphalt,0,0,18,36
26491,VEBD,9035,150,PEM,1,0,18,36
32206,VEBG,4906,,,0,0,09,27
26492,VEBI,6000,150,CON,0,0,04,22
26493,VEBK,5300,100,ASP,0,0,13,31
26545,VEBN,9006,148,ASP,1,0,09,27
26494,VEBS,4524,150,BIT,0,0,05,23
26494,VEBS,9003,150,BIT,1,0,14,32
26435,VEBU,5035,82,ASP,0,0,17,35
26495,VECA,9003,148,ASP,1,0,05,23
26496,VECC,9291,150,ASP,1,0,01L,19R
26496,VECC,11919,150,ASP,1,0,01R,19L
26497,VECO,3500,100,ASP,0,0,04,22
26498,VEDB,3728,93,ASP,0,0,07,25
317982,VEDG,9186,138,ASP,0,0,16,34
3319,VEDH,9000,150,CON,0,0,10,28
312234,VEDO,2398,,paved,0,0,09,27
26499,VEDX,9000,150,CON,1,0,17,35
44474,VEDZ,3030,,,0,0,07,25
26500,VEGK,9000,150,PEM,1,0,11,29
26501,VEGT,9000,150,ASP,1,0,02,20
26502,VEGY,7500,148,ASP,1,0,10,28
26503,VEHK,4185,55,ASP,0,0,15,33
3312,VEHX,6000,110,ASP,0,1,10L,28R
3312,VEHX,9000,148,PEM,1,0,11R,29L
26504,VEIM,9009,148,ASP,1,0,04,22
26505,VEJH,7844,148,CON,0,0,06,24
32183,VEJP,3937,,ASPH,0,0,16,34
26506,VEJS,4010,100,ASP,0,0,08,26
26507,VEJT,9000,150,CON,1,0,04,22
350147,VEKI,10500,148,Asphalt,0,0,11,29
30005,VEKM,4500,,ASP,0,0,01,19
26508,VEKR,3300,100,ASP,0,0,03,21
26509,VEKU,5993,148,ASP,1,0,06,24
31691,VEKW,3000,,,0,0,18,36
26510,VELP,8202,148,ASP,1,0,17,35
26511,VELR,7500,150,PEM,1,0,04,22
31799,VEMH,3600,,,0,0,11,29
26512,VEMN,6000,148,ASP,1,0,05,23
26513,VEMR,7513,148,ASP,1,0,12,30
26514,VEMZ,3990,90,ASP,0,0,10,28
26515,VENP,3380,96,COM,0,0,01,19
31692,VEPG,3300,,,0,0,17,35
26516,VEPH,9000,150,ASP,1,0,15,33
3309,VEPI,6116,150,ASP,1,0,02,20
26517,VEPT,6410,148,ASP,1,0,07,25
26518,VEPU,8700,150,CON,1,0,09,27
26519,VERC,8855,148,ASP,1,0,13,31
26520,VERK,5987,98,ASP,0,0,09,27
32433,VETJ,4500,,,0,0,14,22
26521,VETZ,9010,150,ASP,1,0,05,23
26522,VEUK,3000,100,ASP,0,0,03,21
26523,VEVZ,6000,150,ASP,1,0,05,23
26523,VEVZ,10007,148,ASPHALT,0,0,10,28
26524,VEZO,4010,100,ASP,0,0,18,36
429736,VI00,8202,,ASP,0,0,15,33
3322,VI20,3480,80,ASP,0,0,09,27
3323,VI40,3000,150,ASP,0,0,13,31
3324,VI43,8990,148,ASP,1,0,05,23
3325,VI57,10000,145,ASP,0,0,10,28
3327,VI65,6004,106,ASP,0,0,02,20
3328,VI66,9002,164,GVL,0,0,13,31
3329,VI69,4567,135,BIT,0,0,10,28
3330,VI70,3825,150,GRE,0,0,11,29
3331,VI71,3068,78,MAC,0,0,16,34
3332,VI73,3853,55,ASP,0,0,05,23
3333,VI75,2880,80,ASP,0,0,09,27
3334,VI76,4027,150,GRE,0,0,08,26
3335,VI82,3285,75,ASP,0,0,16,34
3336,VI88,4010,105,ASP,0,0,16,34
3337,VI90,4260,75,ASP,0,0,11,29
26537,VIAG,9000,148,CON,1,0,05,23
26537,VIAG,5964,148,CON,1,0,12,30
298454,VIAH,4882,75,ASPH,0,0,11,29
26538,VIAL,4800,150,CON,1,0,06,24
26538,VIAL,8110,150,ASP,1,0,12,30
26539,VIAM,9224,150,ASP,1,0,12L,30R
26539,VIAM,7952,150,ASP,1,1,12R,30L
26540,VIAR,12000,148,ASP,1,0,16,34
26541,VIAW,10500,150,ASP,1,0,12,30
26542,VIAX,9039,148,ASP,1,0,13,31
26543,VIBK,8960,148,ASP,1,0,05,23
26544,VIBL,8990,150,CON,1,0,09,27
26546,VIBR,3690,100,ASP,1,0,16,34
26547,VIBT,9200,150,ASP,1,0,13,31
26548,VIBW,4200,72,ASP,1,0,12,30
26549,VIBY,9000,150,CON,1,0,11,29
26550,VICG,12467,148,ASP,1,0,11,29
26551,VICX,9000,150,CON,1,0,09,27
26552,VIDD,4520,150,ASP,0,0,12,30
26553,VIDF,4335,50,ASP,0,0,14,32
26554,VIDN,7000,150,ASP,1,0,08,26
26555,VIDP,9229,148,ASPH,1,0,09,27
26555,VIDP,12500,148,ASPH,1,0,10,28
26555,VIDP,14436,148,ASPH,0,0,11L,29R
26555,VIDP,14534,197,ASPH,1,0,11R,29L
26556,VIDX,9000,150,PEM,1,0,09,27
26557,VIGG,4620,98,ASP,0,0,15,33
26558,VIGR,9000,150,CON,1,0,06,24
26559,VIHR,10236,150,ASP,1,0,12,30
26560,VIHX,10007,148,PEM,1,0,13,31
26561,VIJN,3630,70,ASP,0,0,15,33
26562,VIJO,9005,150,PEM,1,0,05,23
26563,VIJP,9177,148,PEM,1,0,08,26
26563,VIJP,5223,148,ASP,0,0,15,33
26564,VIJR,9000,150,CON,0,0,04,22
26565,VIJU,6700,148,ASP,1,0,18,36
26566,VIKA,3685,135,CON,0,0,10,28
327453,VIKG,7060,150,CON,0,0,05,23
26567,VIKO,4078,150,ASP,0,0,08,26
26568,VILD,4800,98,ASP,0,0,12,30
26569,VILH,500,85,ASP,0,1,06,24
26569,VILH,500,60,ASP,0,1,07,25
26569,VILH,9040,150,ASP,1,0,07L,25R
26570,VILK,8996,148,PEM,1,0,09,27
26571,VIPK,8970,150,ASP,1,0,01,19
26572,VIPL,3830,150,ASP,0,0,15,33
26573,VIPT,4500,100,ASP,0,0,10,28
26574,VIRB,5650,138,ASP,1,0,09,27
26575,VISA,8987,140,ASP,1,0,05,23
26576,VISM,4035,75,ASP,0,0,14,32
26577,VISP,9000,150,CON,1,0,09,27
26578,VISR,12090,150,ASP,1,0,13,31
26579,VIST,3476,95,ASP,0,0,11,29
525168,VISV,5019,,ASP,1,0,12,30
26580,VIUT,9002,150,CON,1,0,02,20
26581,VIUX,9000,148,PEM,0,0,18,36
3338,VO26,3967,50,ASP,0,0,17,35
3340,VO52,4893,56,ASP,0,0,06,24
3343,VO94,3445,98,ASP,0,0,05,23
3344,VO95,7200,150,ASP,1,0,09,27
26601,VOAR,13460,155,PEM,1,0,06,24
26602,VOAT,4235,98,ASP,0,0,04,22
26603,VOBG,10850,200,ASP,1,0,09,27
26604,VOBI,3630,50,ASP,0,0,12,30
35145,VOBL,13123,148,ASP,1,0,09L,27R
35145,VOBL,13123,148,ASP,1,0,09R,27L
26605,VOBR,6955,148,ASP,1,0,02,20
26605,VOBR,6798,150,ASP,1,0,08,26
26606,VOBZ,11023,148,ASP,1,0,08,26
26607,VOCB,8480,150,ASP,1,0,05,23
26608,VOCC,4640,145,ASP,0,0,13,31
26608,VOCC,5960,145,ASP,1,0,17,35
26609,VOCI,11155,148,ASP,1,0,09,27
26610,VOCL,9383,150,ASP,1,0,10,28
26611,VOCP,6562,148,ASP,0,0,11,29
26612,VOCX,8914,140,CON,1,0,02,20
26613,VODG,8250,150,CON,1,0,10L,28R
26613,VODG,6800,150,ASP,0,0,10R,28L
342094,VOGA,11483,148,ASPH,0,0,10,28
506610,VOGB,10417,,ASP,1,0,09,27
26444,VOGO,11345,148,ASP,1,0,08,26
26614,VOHK,6873,148,CON,1,0,09,27
35141,VOHS,12162,148,ASP,1,0,09L,27R
35141,VOHS,13976,197,ASP,1,0,09R,27L
26615,VOHY,10600,148,ASP,1,0,09,27
301040,VOJV,5049,100,Bitumen,1,0,13,31
329504,VOKN,10007,148,asphalt,1,0,07,25
44630,VOKP,6000,,UNK,0,0,10,28
340146,VOKU,6562,98,CON,0,0,10,28
26616,VOMD,5990,148,ASP,1,0,09,27
26616,VOMD,4603,148,CON,0,1,13,31
26617,VOML,8035,151,CON,1,0,06,24
26617,VOML,5300,150,ASP,1,1,09,27
26618,VOMM,12001,148,ASP,1,0,07,25
26618,VOMM,6708,148,PEM,1,0,12,30
31996,VOMY,5709,98,CON,0,0,09,27
26619,VONS,5050,100,ASP,0,0,09,27
26620,VOPB,10795,148,ASP,1,0,04,22
26621,VOPC,4921,100,ASP,0,0,07,25
26622,VOPN,7315,145,ASP,1,0,09,27
32591,VORM,2385,150,ASP,0,0,01,19
26623,VORY,10384,148,ASP,0,0,05,23
26624,VOSM,5925,150,ASP,0,0,04,22
26625,VOSX,8255,148,ASP,1,0,05,23
26626,VOTJ,5680,150,CON,0,0,07,25
26626,VOTJ,4757,150,CON,0,0,14,32
3342,VOTK,4434,95,ASP,0,0,10,28
26627,VOTP,12500,148,ASP,1,0,08,26
26628,VOTR,6115,150,ASP,1,0,09,27
26628,VOTR,4776,150,ASP,0,1,15,33
26629,VOTV,11148,150,ASP,1,0,14,32
26630,VOTX,4965,150,ASP,1,0,05,23
26630,VOTX,5965,150,ASP,1,0,12,30
32647,VOWA,6000,,,0,0,09,27
26631,VOYK,7205,145,ASP,1,0,09,27
